reportdate,api_wellno,fileno,company,wellname,quarter,section,township,range,county,fieldname,pool,oil,wtr,days,runs,gas,gassold,flared,lat,long,county_name,year,month,days_in_month,oil_per_day,gas_per_day,water_per_day,gassold_per_day,flared_per_day,gas_boe,gas_boe_per_day,total_boed,total_depth,kelly_bushing_elevation,true_vertical_depth,drilling_floor_elevation,lateral_length,ground_level_evelation
2023-08,33053099320000,39268,GRAYSON MILL OPERATING LLC,Porter 26-35 5H,SWSE,23.0,151.0,101.0,MCK,ALEXANDER,BAKKEN,41577.0,49854.0,26.0,41248,42704.0,35431,7146.0,47.8786014914957,-103.569469714841,McKenzie,2023,8,31,1341.1935483870968,1377.5483870967741,1608.1935483870968,1142.9354838709678,230.51612903225808,7117.333333333333,229.59139784946237,1570.784946236559,,,,,,
2023-08,33053099290000,39265,GRAYSON MILL OPERATING LLC,Porter 26-35 XW 1H,SWSE,23.0,151.0,101.0,MCK,ALEXANDER,BAKKEN,28764.0,41347.0,19.0,28546,26082.0,21640,4364.0,47.8786422178994,-103.569832761708,McKenzie,2023,8,31,927.8709677419355,841.3548387096774,1333.774193548387,698.0645161290323,140.7741935483871,4347.0,140.2258064516129,1068.0967741935483,,,,,,
2023-08,33061051000000,39485,GRAYSON MILL OPERATING LLC,ESTHER HYNEK 3-2F XN 1H,NWNW,10.0,155.0,93.0,MTL,ALGER,BAKKEN,2241.0,3038.0,6.0,1982,861.0,173,556.0,48.2663798016648,-102.631799039054,Mountrail,2023,8,31,72.29032258064517,27.774193548387096,98.0,5.580645161290323,17.93548387096774,143.5,4.629032258064516,76.91935483870968,,,,,,
2023-08,33061030140000,27880,CONTINENTAL RESOURCES INC,Jersey Federal 18-6H,SENE,6.0,153.0,93.0,MTL,ALKALI CREEK,BAKKEN,0.0,0.0,0.0,0,0.0,0,0.0,48.1052920945783,-102.6802071483,Mountrail,2023,8,31,0.0,0.0,0.0,0.0,0.0,0.0,0.0,0.0,,,,,,
2023-08,33061030160000,27882,CONTINENTAL RESOURCES INC,Jersey Federal 20-6H2,SENE,6.0,153.0,93.0,MTL,ALKALI CREEK,BAKKEN,0.0,0.0,0.0,0,0.0,0,0.0,48.1050482653668,-102.680249465704,Mountrail,2023,8,31,0.0,0.0,0.0,0.0,0.0,0.0,0.0,0.0,,,,,,
2023-08,33061030170000,27883,CONTINENTAL RESOURCES INC,JERSEY FEDERAL 21-6H,SENE,6.0,153.0,93.0,MTL,ALKALI CREEK,BAKKEN,0.0,0.0,0.0,0,0.0,0,0.0,48.1049249868403,-102.680272657212,Mountrail,2023,8,31,0.0,0.0,0.0,0.0,0.0,0.0,0.0,0.0,,,,,,
2023-08,33061030210000,27893,CONTINENTAL RESOURCES INC,Jersey FIU 10-6H2,SENE,6.0,153.0,93.0,MTL,ALKALI CREEK,BAKKEN,0.0,0.0,0.0,0,0.0,0,0.0,48.1054174083517,-102.680802518817,Mountrail,2023,8,31,0.0,0.0,0.0,0.0,0.0,0.0,0.0,0.0,,,,,,
2023-08,33061030220000,27894,CONTINENTAL RESOURCES INC,Jersey FIU 11-6H,SENE,6.0,153.0,93.0,MTL,ALKALI CREEK,BAKKEN,0.0,0.0,0.0,0,0.0,0,0.0,48.1052941298252,-102.680825710325,Mountrail,2023,8,31,0.0,0.0,0.0,0.0,0.0,0.0,0.0,0.0,,,,,,
2023-08,33061030230000,27895,CONTINENTAL RESOURCES INC,Jersey FIU 12-6H1,SENE,6.0,153.0,93.0,MTL,ALKALI CREEK,BAKKEN,0.0,0.0,0.0,0,0.0,0,0.0,48.1051708378203,-102.680844805396,Mountrail,2023,8,31,0.0,0.0,0.0,0.0,0.0,0.0,0.0,0.0,,,,,,
2023-08,33061030240000,27896,CONTINENTAL RESOURCES INC,Jersey FIU 13-6H,SENE,6.0,153.0,93.0,MTL,ALKALI CREEK,BAKKEN,0.0,0.0,0.0,0,0.0,0,0.0,48.1050503006137,-102.680868027729,Mountrail,2023,8,31,0.0,0.0,0.0,0.0,0.0,0.0,0.0,0.0,,,,,,
2023-08,33061030250000,27897,CONTINENTAL RESOURCES INC,Jersey FIU 14-6H2,SENE,6.0,153.0,93.0,MTL,ALKALI CREEK,BAKKEN,0.0,0.0,0.0,0,0.0,0,0.0,48.1049270220872,-102.680891219238,Mountrail,2023,8,31,0.0,0.0,0.0,0.0,0.0,0.0,0.0,0.0,,,,,,
2023-08,33061030260000,27898,CONTINENTAL RESOURCES INC,Jersey FIU 15-6H,SENE,6.0,153.0,93.0,MTL,ALKALI CREEK,BAKKEN,0.0,0.0,0.0,0,0.0,0,0.0,48.1048037300822,-102.680910314309,Mountrail,2023,8,31,0.0,0.0,0.0,0.0,0.0,0.0,0.0,0.0,,,,,,
2023-08,33061030120000,27878,CONTINENTAL RESOURCES INC,Jersey FIU 16-6H1,SENE,6.0,153.0,93.0,MTL,ALKALI CREEK,BAKKEN,0.0,0.0,0.0,0,0.0,0,0.0,48.1055386516313,-102.680160765283,Mountrail,2023,8,31,0.0,0.0,0.0,0.0,0.0,0.0,0.0,0.0,,,,,,
2023-08,33061030130000,27879,CONTINENTAL RESOURCES INC,Jersey FIU 17-6H,SENE,6.0,153.0,93.0,MTL,ALKALI CREEK,BAKKEN,0.0,0.0,0.0,0,0.0,0,0.0,48.1054153731048,-102.680183956791,Mountrail,2023,8,31,0.0,0.0,0.0,0.0,0.0,0.0,0.0,0.0,,,,,,
2023-08,33061030200000,27892,CONTINENTAL RESOURCES INC,Jersey FIU 9-6H,SENE,6.0,153.0,93.0,MTL,ALKALI CREEK,BAKKEN,0.0,0.0,0.0,0,0.0,0,0.0,48.1055379455583,-102.680779296483,Mountrail,2023,8,31,0.0,0.0,0.0,0.0,0.0,0.0,0.0,0.0,,,,,,
2023-08,33053096220000,38037,PETROSHALE (US) INC,TAHU 2TF2H,SENE,29.0,152.0,94.0,MCK,ANTELOPE,SANISH,24268.0,17762.0,20.0,23854,39631.0,37017,2614.0,47.95806351159,-102.731203115613,McKenzie,2023,8,31,782.8387096774194,1278.4193548387098,572.9677419354839,1194.0967741935483,84.3225806451613,6605.166666666667,213.0698924731183,995.9086021505377,,,,,,
2023-08,33053096200000,38035,PETROSHALE (US) INC,TAHU 3MBH,SENE,29.0,152.0,94.0,MCK,ANTELOPE,SANISH,3593.0,1286.0,7.0,3533,4552.0,4364,188.0,47.9579204820949,-102.730816640068,McKenzie,2023,8,31,115.90322580645162,146.83870967741936,41.483870967741936,140.7741935483871,6.064516129032258,758.6666666666666,24.473118279569892,140.3763440860215,,,,,,
2023-08,33053096230000,38038,PETROSHALE (US) INC,TAHU 4TFH,SENE,29.0,152.0,94.0,MCK,ANTELOPE,SANISH,3674.0,1396.0,8.0,3674,4360.0,3856,504.0,47.9580614693198,-102.730957968288,McKenzie,2023,8,31,118.51612903225806,140.6451612903226,45.03225806451613,124.38709677419355,16.258064516129032,726.6666666666666,23.440860215053764,141.95698924731184,,,,,,
2023-08,33025045810000,39369,MARATHON OIL COMPANY,AMBER 31-29H,NENW,29.0,146.0,94.0,DUN,BAILEY,BAKKEN,12597.0,56956.0,16.0,12555,9546.0,9468,47.0,47.4430021809784,-102.688293119195,Dunn,2023,8,31,406.35483870967744,307.93548387096774,1837.2903225806451,305.4193548387097,1.5161290322580645,1591.0,51.32258064516129,457.6774193548387,,,,,,
2023-08,33025045820000,39370,MARATHON OIL COMPANY,DEUCE 21-29TFH,NENW,29.0,146.0,94.0,DUN,BAILEY,BAKKEN,23623.0,57269.0,21.0,23544,16454.0,16320,81.0,47.4428925205631,-102.688292646834,Dunn,2023,8,31,762.0322580645161,530.7741935483871,1847.3870967741937,526.4516129032259,2.6129032258064515,2742.3333333333335,88.46236559139784,850.494623655914,,,,,,
2023-08,33025045800000,39368,MARATHON OIL COMPANY,RED 31-29TFH,NENW,29.0,146.0,94.0,DUN,BAILEY,BAKKEN,16898.0,0.0,15.0,16842,14704.0,14582,73.0,47.4431118356064,-102.688297636304,Dunn,2023,8,31,545.0967741935484,474.3225806451613,0.0,470.38709677419354,2.3548387096774195,2450.6666666666665,79.05376344086021,624.1505376344086,,,,,,
2023-08,33025045840000,39372,MARATHON OIL COMPANY,SANDRA 44-20TFH,NENW,29.0,146.0,94.0,DUN,BAILEY,BAKKEN,14592.0,35900.0,23.0,14543,14042.0,13924,71.0,47.4426732055197,-102.688287657365,Dunn,2023,8,31,470.7096774193548,452.96774193548384,1158.0645161290322,449.16129032258067,2.2903225806451615,2340.3333333333335,75.49462365591397,546.2043010752687,,,,,,
2023-08,33025045900000,39361,MARATHON OIL COMPANY,SKIP 31-29H,NENW,29.0,146.0,94.0,DUN,BAILEY,BAKKEN,9527.0,13974.0,7.0,9495,6928.0,6871,34.0,47.4432214960217,-102.688298108665,Dunn,2023,8,31,307.3225806451613,223.48387096774192,450.7741935483871,221.6451612903226,1.096774193548387,1154.6666666666667,37.247311827956985,344.5698924731183,,,,,,
2023-08,33053099050000,39188,GRAYSON MILL OPERATING LLC,JAY 24-13F 2TFH,NENE,25.0,153.0,98.0,MCK,BANKS,BAKKEN,0.0,0.0,0.0,0,0.0,0,0.0,48.0523591127952,-103.219213648297,McKenzie,2023,8,31,0.0,0.0,0.0,0.0,0.0,0.0,0.0,0.0,,,,,,
2023-08,33053099040000,39187,GRAYSON MILL OPERATING LLC,JAY 24-13F 3H,NENE,25.0,153.0,98.0,MCK,BANKS,BAKKEN,0.0,0.0,0.0,0,0.0,0,0.0,48.052359709485,-103.219336394288,McKenzie,2023,8,31,0.0,0.0,0.0,0.0,0.0,0.0,0.0,0.0,,,,,,
2023-08,33053099030000,39186,GRAYSON MILL OPERATING LLC,JAY 24-13F 4TFH,NENE,25.0,153.0,98.0,MCK,BANKS,BAKKEN,0.0,0.0,0.0,0,0.0,0,0.0,48.0523603061748,-103.21945914028,McKenzie,2023,8,31,0.0,0.0,0.0,0.0,0.0,0.0,0.0,0.0,,,,,,
2023-08,33053099020000,39185,GRAYSON MILL OPERATING LLC,Jay 24-13F 5H,NENE,25.0,153.0,98.0,MCK,BANKS,BAKKEN,4666.0,900.0,2.0,4120,9570.0,9405,129.0,48.0523609028646,-103.219581886271,McKenzie,2023,8,31,150.51612903225808,308.7096774193548,29.032258064516128,303.38709677419354,4.161290322580645,1595.0,51.4516129032258,201.96774193548387,,,,,,
2023-08,33053078120000,33055,EXXONMOBIL,DAKOTA FEDERAL 42X-36A,SENE,36.0,149.0,96.0,MCK,BEAR DEN,BAKKEN,73.0,0.0,1.0,0,349.0,0,349.0,47.6844937264951,-102.899712035182,McKenzie,2023,8,31,2.3548387096774195,11.258064516129032,0.0,0.0,11.258064516129032,58.166666666666664,1.8763440860215053,4.231182795698925,,,,,,
2023-08,33053079510000,33341,EXXONMOBIL,DAKOTA FEDERAL 42X-36E,SENE,36.0,149.0,96.0,MCK,BEAR DEN,BAKKEN,47.0,1210.0,2.0,0,495.0,0,495.0,47.6843976860127,-102.89968832644,McKenzie,2023,8,31,1.5161290322580645,15.96774193548387,39.03225806451613,0.0,15.96774193548387,82.5,2.661290322580645,4.17741935483871,,,,,,
2023-08,33061049930000,38843,SLAWSON EXPLORATION COMPANY INC,PhatKat Federal 7-18-7TFH,NENE,19.0,152.0,91.0,MTL,BIG BEND,BAKKEN,957.0,2878.0,3.0,0,756.0,473,270.0,47.9758592458816,-102.369495972001,Mountrail,2023,8,31,30.870967741935484,24.387096774193548,92.83870967741936,15.258064516129032,8.709677419354838,126.0,4.064516129032258,34.935483870967744,,,,,,
2023-08,33061049940000,38844,SLAWSON EXPLORATION COMPANY INC,Vixen Federal 7-19-30TFH,NENE,19.0,152.0,91.0,MTL,BIG BEND,BAKKEN,876.0,3017.0,3.0,0,608.0,396,198.0,47.9758592977905,-102.369393827727,Mountrail,2023,8,31,28.258064516129032,19.612903225806452,97.3225806451613,12.774193548387096,6.387096774193548,101.33333333333333,3.2688172043010755,31.526881720430108,,,,,,
2023-08,33061051080000,39537,HESS BAKKEN INVESTMENTS II LLC,EN-ENGER- 156-94-1423H-8,NENE,15.0,156.0,94.0,MTL,BIG BUTTE,CONFIDENTIAL,,,,61928,,27724,,48.3403561579056,-102.744120446671,Mountrail,2023,8,31,,,,894.3225806451613,,,,,,,,,,
2023-08,33053099520000,39430,PETRO-HUNT DAKOTA LLC,D Annunzio 148-102-6B-7-1H,SESE,33.0,149.0,102.0,MCK,BOXCAR BUTTE,CONFIDENTIAL,,,,0,,0,,47.6758923553886,-103.736154465432,McKenzie,2023,8,31,,,,0.0,,,,,,,,,,
2023-08,33105059210000,39438,KRAKEN OPERATING LLC,Orbit 24-13-12 #1H,NWNE,25.0,159.0,99.0,WIL,BURG,BAKKEN,15685.0,79974.0,31.0,15476,11679.0,4869,6553.0,48.5739732064492,-103.416352938895,Williams,2023,8,31,505.96774193548384,376.741935483871,2579.8064516129034,157.06451612903226,211.38709677419354,1946.5,62.79032258064516,568.758064516129,,,,,,
2023-08,33105059220000,39439,KRAKEN OPERATING LLC,Orbit 24-13-12 #2H,NWNE,25.0,159.0,99.0,WIL,BURG,BAKKEN,17689.0,80045.0,31.0,17453,14455.0,6026,8111.0,48.5740636613534,-103.416353051734,Williams,2023,8,31,570.6129032258065,466.2903225806452,2582.0967741935483,194.38709677419354,261.64516129032256,2409.1666666666665,77.71505376344086,648.3279569892474,,,,,,
2023-08,33105059230000,39440,KRAKEN OPERATING LLC,Orbit 24-13-12 #3TFH,NWNE,25.0,159.0,99.0,WIL,BURG,BAKKEN,15329.0,88579.0,31.0,15125,12836.0,5351,7202.0,48.5741541162576,-103.416353164573,Williams,2023,8,31,494.48387096774195,414.06451612903226,2857.3870967741937,172.61290322580646,232.32258064516128,2139.3333333333335,69.01075268817205,563.494623655914,,,,,,
2023-08,33105059240000,39441,KRAKEN OPERATING LLC,Orbit 24-13-12 #4H,NWNE,25.0,159.0,99.0,WIL,BURG,BAKKEN,10798.0,60091.0,22.0,10654,8343.0,3478,4681.0,48.5742445711618,-103.416353277412,Williams,2023,8,31,348.3225806451613,269.1290322580645,1938.4193548387098,112.19354838709677,151.0,1390.5,44.854838709677416,393.1774193548387,,,,,,
2023-08,33105059250000,39442,KRAKEN OPERATING LLC,Orbit 24-13-12 #5H,NWNE,25.0,159.0,99.0,WIL,BURG,BAKKEN,9833.0,63320.0,22.0,9702,8626.0,3596,4840.0,48.574335026066,-103.416353390251,Williams,2023,8,31,317.19354838709677,278.258064516129,2042.5806451612902,116.0,156.1290322580645,1437.6666666666667,46.376344086021504,363.5698924731183,,,,,,
2023-08,33105058350000,39175,CONTINENTAL RESOURCES INC,CLYDE HAUGE 4-13H,SESE,12.0,155.0,97.0,WIL,DOLLAR JOE,BAKKEN,0.0,2048.0,4.0,0,0.0,0,0.0,48.2562915990907,-103.091164288106,Williams,2023,8,31,0.0,0.0,66.06451612903226,0.0,0.0,0.0,0.0,0.0,,,,,,
2023-08,33105058360000,39176,CONTINENTAL RESOURCES INC,CLYDE HAUGE 5-13H,SESE,12.0,155.0,97.0,WIL,DOLLAR JOE,BAKKEN,0.0,2946.0,2.0,0,0.0,0,0.0,48.256291510332,-103.090979386154,Williams,2023,8,31,0.0,0.0,95.03225806451613,0.0,0.0,0.0,0.0,0.0,,,,,,
2023-08,33105056800000,38640,HESS BAKKEN INVESTMENTS II LLC,GO-Knudson- 156-97-2017H-2,SESW,20.0,156.0,97.0,WIL,DOLLAR JOE,CONFIDENTIAL,,,,0,,0,,48.3148594905681,-103.186365131846,Williams,2023,8,31,,,,0.0,,,,,,,,,,
2023-08,33105056810000,38641,HESS BAKKEN INVESTMENTS II LLC,GO-Knudson- 156-97-2017H-3,SESW,20.0,156.0,97.0,WIL,DOLLAR JOE,CONFIDENTIAL,,,,11744,,11498,,48.3148599740312,-103.186500862944,Williams,2023,8,31,,,,370.9032258064516,,,,,,,,,,
2023-08,33105056820000,38642,HESS BAKKEN INVESTMENTS II LLC,GO-Knudson- 156-97-2017H-4,SESW,20.0,156.0,97.0,WIL,DOLLAR JOE,CONFIDENTIAL,,,,13462,,30128,,48.3148604574942,-103.186636594042,Williams,2023,8,31,,,,971.8709677419355,,,,,,,,,,
2023-08,33061050840000,39413,LIBERTY RESOURCES MANAGEMENT COMPANY LLC,M&M W 158-93-28-33-1MBH,NWNW,28.0,158.0,93.0,MTL,ENGET LAKE,CONFIDENTIAL,,,,18127,,8858,,48.4874679476615,-102.708802382911,Mountrail,2023,8,31,,,,285.741935483871,,,,,,,,,,
2023-08,33061050850000,39414,LIBERTY RESOURCES MANAGEMENT COMPANY LLC,M&M W 158-93-28-33-2MBH,NWNW,28.0,158.0,93.0,MTL,ENGET LAKE,CONFIDENTIAL,,,,16258,,9484,,48.4874681492674,-102.708657981324,Mountrail,2023,8,31,,,,305.93548387096774,,,,,,,,,,
2023-08,33061050860000,39415,LIBERTY RESOURCES MANAGEMENT COMPANY LLC,M&M W 158-93-28-33-3MBH,NWNW,28.0,158.0,93.0,MTL,ENGET LAKE,CONFIDENTIAL,,,,15403,,7462,,48.4874683508733,-102.708513579738,Mountrail,2023,8,31,,,,240.70967741935485,,,,,,,,,,
2023-08,33061050870000,39416,LIBERTY RESOURCES MANAGEMENT COMPANY LLC,M&M W 158-93-28-33-5MBH,NWNW,28.0,158.0,93.0,MTL,ENGET LAKE,CONFIDENTIAL,,,,13344,,6981,,48.4874685524792,-102.708369178151,Mountrail,2023,8,31,,,,225.19354838709677,,,,,,,,,,
2023-08,33053098960000,39070,CHORD ENERGY,Safely Federal 32-7-3H,SWNE,7.0,150.0,102.0,MCK,FOREMAN BUTTE,BAKKEN,0.0,0.0,0.0,0,0.0,0,0.0,47.8287060556671,-103.78427438986,McKenzie,2023,8,31,0.0,0.0,0.0,0.0,0.0,0.0,0.0,0.0,,,,,,
2023-08,33053098950000,39069,CHORD ENERGY,Safely Federal 32-7-2H,SWNE,7.0,150.0,102.0,MCK,FOREMAN BUTTE,CONFIDENTIAL,,,,9772,,4819,,47.8286767345732,-103.784453400829,McKenzie,2023,8,31,,,,155.4516129032258,,,,,,,,,,
2023-08,33053098940000,39068,CHORD ENERGY,Safely Federal 32-7H,SWNE,7.0,150.0,102.0,MCK,FOREMAN BUTTE,CONFIDENTIAL,,,,9328,,5401,,47.8286501359837,-103.784628362892,McKenzie,2023,8,31,,,,174.2258064516129,,,,,,,,,,
2023-08,33053086220000,35121,EXXONMOBIL,PRAIRIE FEDERAL 31X-30A,NWNE,30.0,149.0,96.0,MCK,HAYSTACK BUTTE,BAKKEN,13300.0,9209.0,10.0,12855,22774.0,21505,1049.0,47.7020959059514,-103.012680638283,McKenzie,2023,8,31,429.03225806451616,734.6451612903226,297.06451612903226,693.7096774193549,33.83870967741935,3795.6666666666665,122.44086021505376,551.4731182795699,,,,,,
2023-08,33053086240000,35123,EXXONMOBIL,PRAIRIE FEDERAL 31X-30B,NWNE,30.0,149.0,96.0,MCK,HAYSTACK BUTTE,BAKKEN,15353.0,8406.0,10.0,14840,24911.0,23538,1132.0,47.702196607968,-103.012484834527,McKenzie,2023,8,31,495.258064516129,803.5806451612904,271.16129032258067,759.2903225806451,36.516129032258064,4151.833333333333,133.93010752688173,629.1881720430108,,,,,,
2023-08,33025038780000,36746,EXXONMOBIL,FBIR LAWRENCE  24X-26F,SESW,26.0,149.0,92.0,DUN,HEART BUTTE,BAKKEN,42.0,20.0,1.0,41,0.0,0,0.0,47.68949848193,-102.41895706891,Dunn,2023,8,31,1.3548387096774193,0.0,0.6451612903225806,0.0,0.0,0.0,0.0,1.3548387096774193,,,,,,
2023-08,33025045550000,39303,CONTINENTAL RESOURCES INC,Meadowlark FIU 8-6H,SESE,31.0,146.0,95.0,DUN,JIM CREEK,BAKKEN,0.0,0.0,0.0,0,0.0,0,0.0,47.4165799896948,-102.826036983838,Dunn,2023,8,31,0.0,0.0,0.0,0.0,0.0,0.0,0.0,0.0,,,,,,
2023-08,33025046910000,39827,MARATHON OIL COMPANY,COURNOYER 11-17H,NWNW,17.0,145.0,94.0,DUN,KILLDEER,BAKKEN,11780.0,70385.0,10.0,11602,5577.0,5458,40.0,47.3852694292563,-102.694077675494,Dunn,2023,8,31,380.0,179.90322580645162,2270.483870967742,176.06451612903226,1.2903225806451613,929.5,29.983870967741936,409.98387096774195,,,,,,
2023-08,33025034470000,34633,MARATHON OIL COMPANY,SATRUM 11-17TFH,NWNW,17.0,145.0,94.0,DUN,KILLDEER,CONFIDENTIAL,,,,19335,,14163,,47.3853791083613,-102.694085781272,Dunn,2023,8,31,,,,456.8709677419355,,,,,,,,,,
2023-08,33025034420000,34544,MARATHON OIL COMPANY,STOREDALE 11-17TFH,NWNW,17.0,145.0,94.0,DUN,KILLDEER,CONFIDENTIAL,,,,100,,244,,47.3851597585125,-102.69407361005,Dunn,2023,8,31,,,,7.870967741935484,,,,,,,,,,
2023-08,33013019150000,38113,FORMENTERA OPERATIONS LLC,LFM1 21-33 161-93 CMB,SWSW,15.0,161.0,93.0,BRK,LEAF MOUNTAIN,CONFIDENTIAL,,,,0,,0,,48.76624242247,-102.73934793046,Burke,2023,8,31,,,,0.0,,,,,,,,,,
2023-08,33013019160000,38114,FORMENTERA OPERATIONS LLC,LFM1 22-34 161-93 BTF,SWSW,15.0,161.0,93.0,BRK,LEAF MOUNTAIN,CONFIDENTIAL,,,,0,,0,,48.7661464893318,-102.739348378419,Burke,2023,8,31,,,,0.0,,,,,,,,,,
2023-08,33025045780000,39359,CONTINENTAL RESOURCES INC,Arthur 3-12HSL1,SWSW,12.0,146.0,97.0,DUN,LITTLE KNIFE,BAKKEN,0.0,0.0,0.0,0,0.0,0,0.0,47.4745360520039,-102.988967208544,Dunn,2023,8,31,0.0,0.0,0.0,0.0,0.0,0.0,0.0,0.0,,,,,,
2023-08,33025046190000,39459,CONTINENTAL RESOURCES INC,Arthur 5-12H1,SWSW,12.0,146.0,97.0,DUN,LITTLE KNIFE,BAKKEN,0.0,0.0,0.0,0,0.0,0,0.0,47.4745354479816,-102.988602876455,Dunn,2023,8,31,0.0,0.0,0.0,0.0,0.0,0.0,0.0,0.0,,,,,,
2023-08,33025045670000,39337,CONTINENTAL RESOURCES INC,Hegler 10-13H,SWSE,12.0,146.0,97.0,DUN,LITTLE KNIFE,BAKKEN,0.0,0.0,0.0,0,0.0,0,0.0,47.4740377669855,-102.981102872282,Dunn,2023,8,31,0.0,0.0,0.0,0.0,0.0,0.0,0.0,0.0,,,,,,
2023-08,33025045790000,39360,CONTINENTAL RESOURCES INC,Hegler 3-13HSL1,SWSW,12.0,146.0,97.0,DUN,LITTLE KNIFE,BAKKEN,0.0,0.0,0.0,0,0.0,0,0.0,47.4745351459705,-102.988420710411,Dunn,2023,8,31,0.0,0.0,0.0,0.0,0.0,0.0,0.0,0.0,,,,,,
2023-08,33025046200000,39460,CONTINENTAL RESOURCES INC,Hegler 4-13H,SWSW,12.0,146.0,97.0,DUN,LITTLE KNIFE,BAKKEN,0.0,0.0,0.0,0,0.0,0,0.0,47.4745348439594,-102.988238544366,Dunn,2023,8,31,0.0,0.0,0.0,0.0,0.0,0.0,0.0,0.0,,,,,,
2023-08,33025046210000,39461,CONTINENTAL RESOURCES INC,Hegler 5-13H1,SWSW,12.0,146.0,97.0,DUN,LITTLE KNIFE,BAKKEN,0.0,0.0,0.0,0,0.0,0,0.0,47.4745345419483,-102.988056378322,Dunn,2023,8,31,0.0,0.0,0.0,0.0,0.0,0.0,0.0,0.0,,,,,,
2023-08,33025045640000,39334,CONTINENTAL RESOURCES INC,Hegler 7-13H1,SWSE,12.0,146.0,97.0,DUN,LITTLE KNIFE,BAKKEN,0.0,0.0,0.0,0,0.0,0,0.0,47.4740386730212,-102.981649371849,Dunn,2023,8,31,0.0,0.0,0.0,0.0,0.0,0.0,0.0,0.0,,,,,,
2023-08,33025045650000,39335,CONTINENTAL RESOURCES INC,Hegler 8-13H,SWSE,12.0,146.0,97.0,DUN,LITTLE KNIFE,BAKKEN,0.0,0.0,0.0,0,0.0,0,0.0,47.4740383710093,-102.981467205327,Dunn,2023,8,31,0.0,0.0,0.0,0.0,0.0,0.0,0.0,0.0,,,,,,
2023-08,33025045620000,39332,CONTINENTAL RESOURCES INC,Arthur 10-12H,SESW,12.0,146.0,97.0,DUN,LITTLE KNIFE,CONFIDENTIAL,,,,0,,0,,47.4740394312754,-102.98210673304,Dunn,2023,8,31,,,,0.0,,,,,,,,,,
2023-08,33025045630000,39333,CONTINENTAL RESOURCES INC,Hegler 6-13H,SESW,12.0,146.0,97.0,DUN,LITTLE KNIFE,CONFIDENTIAL,,,,0,,0,,47.4740391292643,-102.981924566996,Dunn,2023,8,31,,,,0.0,,,,,,,,,,
2023-08,33025045070000,39100,MARATHON OIL COMPANY,DENNIS USA 44-5H,SWSW,4.0,148.0,95.0,DUN,LOST BRIDGE,BAKKEN,75161.0,65433.0,28.0,74720,101059.0,99478,1314.0,47.6622289211249,-102.799507988957,Dunn,2023,8,31,2424.548387096774,3259.967741935484,2110.7419354838707,3208.967741935484,42.38709677419355,16843.166666666668,543.3279569892474,2967.8763440860216,,,,,,
2023-08,33025045080000,39101,MARATHON OIL COMPANY,VELMA USA 44-5TFH,SWSW,4.0,148.0,95.0,DUN,LOST BRIDGE,BAKKEN,6663.0,4450.0,4.0,6624,8015.0,7890,104.0,47.6622210283091,-102.79930500844,Dunn,2023,8,31,214.93548387096774,258.5483870967742,143.5483870967742,254.51612903225808,3.3548387096774195,1335.8333333333333,43.09139784946237,258.0268817204301,,,,,,
2023-08,33025037610000,36278,ENERPLUS RESOURCES USA CORPORATION,FOSSA 149-93-31D-30H-LL,SWSE,3.0,148.0,94.0,DUN,MANDAREE,CONFIDENTIAL,,,,0,,0,,47.6714258822609,-102.640248012143,Dunn,2023,8,31,,,,0.0,,,,,,,,,,
2023-08,33025037630000,36280,ENERPLUS RESOURCES USA CORPORATION,MEERKAT 149-93-31D-30H,SWNE,3.0,148.0,94.0,DUN,MANDAREE,CONFIDENTIAL,,,,0,,0,,47.6714287432602,-102.640105835586,Dunn,2023,8,31,,,,0.0,,,,,,,,,,
2023-08,33025037650000,36282,ENERPLUS RESOURCES USA CORPORATION,WARTHOG 149-93-31D-30H-TF,SWNE,3.0,148.0,94.0,DUN,MANDAREE,CONFIDENTIAL,,,,0,,0,,47.6714316042595,-102.639963659028,Dunn,2023,8,31,,,,0.0,,,,,,,,,,
2023-08,33061050310000,39113,HESS BAKKEN INVESTMENTS II LLC,EN-Hegland- 155-94-0508H-6,LOT3,5.0,155.0,94.0,MTL,MANITOU,CONFIDENTIAL,,,,37011,,73006,,48.2821414886457,-102.800895065632,Mountrail,2023,8,31,,,,2355.032258064516,,,,,,,,,,
2023-08,33061050320000,39114,HESS BAKKEN INVESTMENTS II LLC,EN-Hegland- 155-94-0508H-7,LOT3,5.0,155.0,94.0,MTL,MANITOU,CONFIDENTIAL,,,,28954,,48745,,48.2821115970963,-102.801022400841,Mountrail,2023,8,31,,,,1572.4193548387098,,,,,,,,,,
2023-08,33061050330000,39115,HESS BAKKEN INVESTMENTS II LLC,EN-Hegland-LW- 155-94-0508H-1,LOT3,5.0,155.0,94.0,MTL,MANITOU,CONFIDENTIAL,,,,31104,,33308,,48.2820844551028,-102.801153851564,Mountrail,2023,8,31,,,,1074.4516129032259,,,,,,,,,,
2023-08,33061051050000,39534,HESS BAKKEN INVESTMENTS II LLC,EN-PERSON A- 156-94-1522H-2,NENE,15.0,156.0,94.0,MTL,MANITOU,CONFIDENTIAL,,,,16182,,7165,,48.3403620282031,-102.744527755807,Mountrail,2023,8,31,,,,231.1290322580645,,,,,,,,,,
2023-08,33061051060000,39535,HESS BAKKEN INVESTMENTS II LLC,EN-PERSON A- 156-94-1522H-3,NENE,15.0,156.0,94.0,MTL,MANITOU,CONFIDENTIAL,,,,34755,,6542,,48.3403600714373,-102.744391986095,Mountrail,2023,8,31,,,,211.03225806451613,,,,,,,,,,
2023-08,33061051070000,39536,HESS BAKKEN INVESTMENTS II LLC,EN-PERSON A- 156-94-1522H-4,NENE,15.0,156.0,94.0,MTL,MANITOU,CONFIDENTIAL,,,,45770,,72113,,48.3403581146714,-102.744256216383,Mountrail,2023,8,31,,,,2326.2258064516127,,,,,,,,,,
2023-08,33053099490000,39419,PETRO-HUNT DAKOTA LLC,Dean Wormer 149-102-33D-28-3H,SWSE,33.0,149.0,102.0,MCK,MOLINE,CONFIDENTIAL,,,,0,,0,,47.675872531495,-103.742188850216,McKenzie,2023,8,31,,,,0.0,,,,,,,,,,
2023-08,33053099510000,39429,PETRO-HUNT DAKOTA LLC,Dean Wormer 149-102-33D-28-4H,SESE,33.0,149.0,102.0,MCK,MOLINE,CONFIDENTIAL,,,,0,,0,,47.6758910316904,-103.73629669422,McKenzie,2023,8,31,,,,0.0,,,,,,,,,,
2023-08,33025044600000,38869,LIME ROCK RESOURCES III-A LP,NEAL 4-33-28H-144-95,NENW,4.0,143.0,95.0,DUN,MURPHY CREEK,BAKKEN,17088.0,41320.0,30.0,16201,8533.0,6201,1077.0,47.2398691052563,-102.730213304394,Dunn,2023,8,31,551.2258064516129,275.258064516129,1332.9032258064517,200.03225806451613,34.74193548387097,1422.1666666666667,45.876344086021504,597.1021505376344,,,,,,
2023-08,33025044590000,38868,LIME ROCK RESOURCES III-A LP,TWIST 4-4-9H-143-95,NENW,4.0,143.0,95.0,DUN,MURPHY CREEK,BAKKEN,9367.0,35998.0,24.0,8601,4261.0,3409,111.0,47.2398359159033,-102.730366300504,Dunn,2023,8,31,302.16129032258067,137.4516129032258,1161.225806451613,109.96774193548387,3.5806451612903225,710.1666666666666,22.908602150537632,325.06989247311833,,,,,,
2023-08,33105059610000,39563,KRAKEN OPERATING LLC,Blaine 33-28 #2H,LOT4,4.0,157.0,98.0,WIL,OLIVER,BAKKEN,0.0,0.0,0.0,0,0.0,0,0.0,48.4583527169452,-103.359437561781,Williams,2023,8,31,0.0,0.0,0.0,0.0,0.0,0.0,0.0,0.0,,,,,,
2023-08,33105059620000,39564,KRAKEN OPERATING LLC,Blaine 33-28 #3H,LOT4,4.0,157.0,98.0,WIL,OLIVER,BAKKEN,0.0,0.0,0.0,0,0.0,0,0.0,48.4583526504445,-103.359301485007,Williams,2023,8,31,0.0,0.0,0.0,0.0,0.0,0.0,0.0,0.0,,,,,,
2023-08,33105059630000,39565,KRAKEN OPERATING LLC,Cass 4-9 #4H,LOT4,4.0,157.0,98.0,WIL,OLIVER,BAKKEN,0.0,0.0,0.0,0,0.0,0,0.0,48.4583525839438,-103.359165408234,Williams,2023,8,31,0.0,0.0,0.0,0.0,0.0,0.0,0.0,0.0,,,,,,
2023-08,33105059640000,39566,KRAKEN OPERATING LLC,Cass 4-9 #5H,LOT4,4.0,157.0,98.0,WIL,OLIVER,BAKKEN,0.0,0.0,0.0,0,0.0,0,0.0,48.4583525174432,-103.35902933146,Williams,2023,8,31,0.0,0.0,0.0,0.0,0.0,0.0,0.0,0.0,,,,,,
2023-08,33105059800000,39615,KRAKEN OPERATING LLC,Gladys LE 29-20-17 #11H,NENE,32.0,158.0,98.0,WIL,OLIVER,BAKKEN,16278.0,46003.0,18.0,16078,7734.0,1036,6436.0,48.4727507064528,-103.367897276841,Williams,2023,8,31,525.0967741935484,249.48387096774192,1483.967741935484,33.41935483870968,207.61290322580646,1289.0,41.58064516129032,566.6774193548388,,,,,,
2023-08,33105059260000,39481,CHORD ENERGY,Ledahl 5402 42-33 2BX,SESW,33.0,154.0,102.0,WIL,PAINTED WOODS,CONFIDENTIAL,,,,7393,,4546,,48.1139547283647,-103.811075547228,Williams,2023,8,31,,,,146.6451612903226,,,,,,,,,,
2023-08,33105059290000,39484,CHORD ENERGY,LEDAHL 5402 42-33 5BX,SESW,33.0,154.0,102.0,WIL,PAINTED WOODS,CONFIDENTIAL,,,,0,,0,,48.114302933406,-103.810895482952,Williams,2023,8,31,,,,0.0,,,,,,,,,,
2023-08,33053017770000,10525,LIME ROCK RESOURCES V-A LP,LILLIBRIDGE 4,NESW,20.0,150.0,96.0,MCK,PERSHING,DAKOTA,0.0,0.0,0.0,0,0.0,0,0.0,47.7946882121784,-102.997050534665,McKenzie,2023,8,31,0.0,0.0,0.0,0.0,0.0,0.0,0.0,0.0,,,,,,
2023-08,33025040520000,37671,ENERPLUS RESOURCES USA CORPORATION,Kudu 149-94-36D-25H,SWNE,3.0,148.0,94.0,DUN,PHAELENS BUTTE,CONFIDENTIAL,,,,65,,88,,47.6714174188512,-102.640532360978,Dunn,2023,8,31,,,,2.838709677419355,,,,,,,,,,
2023-08,33025037570000,36274,ENERPLUS RESOURCES USA CORPORATION,SALMON 149-94-36D-25H-TF,SWNE,3.0,148.0,94.0,DUN,PHAELENS BUTTE,CONFIDENTIAL,,,,0,,215,,47.6714145578519,-102.640674537536,Dunn,2023,8,31,,,,6.935483870967742,,,,,,,,,,
2023-08,33025037580000,36275,ENERPLUS RESOURCES USA CORPORATION,STURGEON 149-94-36D-25H-TF,SWNE,3.0,148.0,94.0,DUN,PHAELENS BUTTE,CONFIDENTIAL,,,,96,,86,,47.6714202798505,-102.64039018442,Dunn,2023,8,31,,,,2.774193548387097,,,,,,,,,,
2023-08,33105059780000,39613,KRAKEN OPERATING LLC,Gladys 29-20-17 #3H,NENE,32.0,158.0,98.0,WIL,RAINBOW,BAKKEN,12204.0,39938.0,18.0,12054,5977.0,800,4975.0,48.4727495308503,-103.368169498874,Williams,2023,8,31,393.6774193548387,192.80645161290323,1288.3225806451612,25.806451612903224,160.48387096774192,996.1666666666666,32.134408602150536,425.81182795698925,,,,,,
2023-08,33105059790000,39614,KRAKEN OPERATING LLC,Gladys 29-20-17 #4H,NENE,32.0,158.0,98.0,WIL,RAINBOW,BAKKEN,14961.0,45195.0,18.0,14777,7578.0,1015,6307.0,48.4727501186515,-103.368033387858,Williams,2023,8,31,482.61290322580646,244.4516129032258,1457.9032258064517,32.74193548387097,203.4516129032258,1263.0,40.74193548387097,523.3548387096774,,,,,,
2023-08,33089009070000,39552,FIVE STATES OPERATING COMPANY LLC,RH 1-8H,SESW,5.0,138.0,99.0,STK,ROCKY HILL,CONFIDENTIAL,,,,696,,0,,46.7898876986465,-103.205514212804,Stark,2023,8,31,,,,0.0,,,,,,,,,,
2023-08,33105059270000,39482,CHORD ENERGY,Ledahl 5402 42-33 3B,SESW,33.0,154.0,102.0,WIL,ROSEBUD,CONFIDENTIAL,,,,0,,0,,48.1140698829842,-103.811015514453,Williams,2023,8,31,,,,0.0,,,,,,,,,,
2023-08,33105059420000,39503,CHORD ENERGY,Pocono 5302 33-4 2B,NWSE,4.0,153.0,102.0,WIL,ROSEBUD,CONFIDENTIAL,,,,0,,0,,48.1026791444801,-103.808029282283,Williams,2023,8,31,,,,0.0,,,,,,,,,,
2023-08,33105059430000,39504,CHORD ENERGY,Pocono 5302 33-4 3B,NWSE,4.0,153.0,102.0,WIL,ROSEBUD,CONFIDENTIAL,,,,0,,0,,48.1025613783323,-103.807980194329,Williams,2023,8,31,,,,0.0,,,,,,,,,,
2023-08,33105059440000,39505,CHORD ENERGY,Pocono 5302 33-4 4B,NWSE,4.0,153.0,102.0,WIL,ROSEBUD,CONFIDENTIAL,,,,0,,0,,48.1024408709716,-103.807931107894,Williams,2023,8,31,,,,0.0,,,,,,,,,,
2023-08,33105059450000,39506,CHORD ENERGY,Pocono 5302 33-4 5B,NWSE,4.0,153.0,102.0,WIL,ROSEBUD,CONFIDENTIAL,,,,0,,0,,48.1023231048238,-103.80788201994,Williams,2023,8,31,,,,0.0,,,,,,,,,,
2023-08,33061050370000,39154,HESS BAKKEN INVESTMENTS II LLC,RS-F Armour- 156-92-1224H-4,SWSE,1.0,156.0,92.0,MTL,ROSS,CONFIDENTIAL,,,,23603,,16489,,48.3581115083013,-102.448909340829,Mountrail,2023,8,31,,,,531.9032258064516,,,,,,,,,,
2023-08,33061050380000,39155,HESS BAKKEN INVESTMENTS II LLC,RS-F Armour- 156-92-1224H-5,SWSE,1.0,156.0,92.0,MTL,ROSS,CONFIDENTIAL,,,,18759,,10921,,48.3581120643873,-102.448773484561,Mountrail,2023,8,31,,,,352.2903225806452,,,,,,,,,,
2023-08,33061050390000,39156,HESS BAKKEN INVESTMENTS II LLC,RS-F Armour- 156-92-1224H-6,SWSE,1.0,156.0,92.0,MTL,ROSS,CONFIDENTIAL,,,,23096,,5415,,48.3581126204733,-102.448637628293,Mountrail,2023,8,31,,,,174.67741935483872,,,,,,,,,,
2023-08,33053069360000,31213,CONOCOPHILLIPS,GLADSTONE 4-1-13MBH,NWNE,13.0,153.0,97.0,MCK,SAND CREEK,BAKKEN,0.0,0.0,23.0,0,0.0,0,0.0,48.0809177113401,-103.098292653061,McKenzie,2023,8,31,0.0,0.0,0.0,0.0,0.0,0.0,0.0,0.0,,,,,,
2023-08,33053069370000,31214,CONOCOPHILLIPS,GLADSTONE 4-1-13TFH,NENW,13.0,153.0,97.0,MCK,SAND CREEK,BAKKEN,0.0,1864.0,25.0,0,0.0,0,0.0,48.0810409764112,-103.098268083198,McKenzie,2023,8,31,0.0,0.0,60.12903225806452,0.0,0.0,0.0,0.0,0.0,,,,,,
2023-08,33053069350000,31212,CONOCOPHILLIPS,GLADSTONE 5-1-13TFH,NENW,13.0,153.0,97.0,MCK,SAND CREEK,BAKKEN,0.0,7495.0,21.0,0,287.0,0,269.0,48.080794446269,-103.098317222924,McKenzie,2023,8,31,0.0,9.258064516129032,241.7741935483871,0.0,8.67741935483871,47.833333333333336,1.543010752688172,1.543010752688172,,,,,,
2023-08,33053069340000,31211,CONOCOPHILLIPS,GLADSTONE 6-1-13MBH,NENW,13.0,153.0,97.0,MCK,SAND CREEK,BAKKEN,0.0,0.0,17.0,0,267.0,0,250.0,48.0806739224334,-103.098341792631,McKenzie,2023,8,31,0.0,8.612903225806452,0.0,0.0,8.064516129032258,44.5,1.435483870967742,1.435483870967742,,,,,,
2023-08,33053069650000,31258,CONOCOPHILLIPS,GLADSTONE 7-1-13TFH,NENW,13.0,153.0,97.0,MCK,SAND CREEK,BAKKEN,104.0,5567.0,17.0,104,425.0,0,399.0,48.0805506573623,-103.098366362494,McKenzie,2023,8,31,3.3548387096774195,13.709677419354838,179.58064516129033,0.0,12.870967741935484,70.83333333333333,2.2849462365591395,5.639784946236559,,,,,,
2023-08,33053069330000,31210,CONOCOPHILLIPS,GLADSTONE 8-1-13MBH,NENW,13.0,153.0,97.0,MCK,SAND CREEK,BAKKEN,179.0,8227.0,17.0,179,1116.0,0,1047.0,48.0804301335266,-103.0983909322,McKenzie,2023,8,31,5.774193548387097,36.0,265.38709677419354,0.0,33.774193548387096,186.0,6.0,11.774193548387096,,,,,,
2023-08,33061050500000,39201,MUREX PETROLEUM CORPORATION,PB-Gunner 1-12H MB,SWSE,36.0,155.0,91.0,MTL,SANISH,CONFIDENTIAL,,,,9592,,4543,,48.1982668867997,-102.319847767972,Mountrail,2023,8,31,,,,146.5483870967742,,,,,,,,,,
2023-08,33061050510000,39202,MUREX PETROLEUM CORPORATION,PB-Paul Brian 1-12H MB,SWSE,36.0,155.0,91.0,MTL,SANISH,CONFIDENTIAL,,,,3899,,1850,,48.1982671873539,-102.31972465034,Mountrail,2023,8,31,,,,59.67741935483871,,,,,,,,,,
2023-08,33061051140000,39551,CHORD ENERGY,S-Bar Devon 5393 34-1 7T,NESE,1.0,153.0,93.0,MTL,SANISH,CONFIDENTIAL,,,,0,,0,,48.1013123699913,-102.571250002929,Mountrail,2023,8,31,,,,0.0,,,,,,,,,,
2023-08,33053099500000,39420,PETRO-HUNT DAKOTA LLC,Ty Webb 148-103-1A-12-4H,SWSE,33.0,149.0,102.0,MCK,SHEEP BUTTE,CONFIDENTIAL,,,,0,,0,,47.6758723010016,-103.742046629106,McKenzie,2023,8,31,,,,0.0,,,,,,,,,,
2023-08,33061044290000,36136,EXXONMOBIL,SORKNESS STATE FEDERAL 34X-36C,SWSE,36.0,157.0,93.0,MTL,SORKNESS,BAKKEN,0.0,0.0,0.0,0,0.0,0,0.0,48.3735061220097,-102.634928142954,Mountrail,2023,8,31,0.0,0.0,0.0,0.0,0.0,0.0,0.0,0.0,,,,,,
2023-08,33061044310000,36138,EXXONMOBIL,SORKNESS STATE FEDERAL 34X-36D,SWSE,36.0,157.0,93.0,MTL,SORKNESS,BAKKEN,0.0,0.0,0.0,0,0.0,0,0.0,48.3733415939176,-102.634938268522,Mountrail,2023,8,31,0.0,0.0,0.0,0.0,0.0,0.0,0.0,0.0,,,,,,
2023-08,33061044280000,36135,EXXONMOBIL,SORKNESS STATE FEDERAL 34X-36G,SWSE,36.0,157.0,93.0,MTL,SORKNESS,BAKKEN,0.0,0.0,0.0,0,0.0,0,0.0,48.3735883860558,-102.634923080171,Mountrail,2023,8,31,0.0,0.0,0.0,0.0,0.0,0.0,0.0,0.0,,,,,,
2023-08,33061044300000,36137,EXXONMOBIL,SORKNESS STATE FEDERAL 34X-36H,SWSE,36.0,157.0,93.0,MTL,SORKNESS,BAKKEN,0.0,0.0,0.0,0,0.0,0,0.0,48.3734238579637,-102.634933205738,Mountrail,2023,8,31,0.0,0.0,0.0,0.0,0.0,0.0,0.0,0.0,,,,,,
2023-08,33105060280000,39745,NEPTUNE OPERATING LLC,Shaffer 27-22 #2H,SESE,27.0,155.0,102.0,WIL,SQUIRES,CONFIDENTIAL,,,,8510,,5001,,48.2134035095379,-103.782155915084,Williams,2023,8,31,,,,161.32258064516128,,,,,,,,,,
2023-08,33105060290000,39746,NEPTUNE OPERATING LLC,Shaffer 27-22 #3H,SESE,27.0,155.0,102.0,WIL,SQUIRES,CONFIDENTIAL,,,,8246,,5136,,48.2134035376373,-103.782020445516,Williams,2023,8,31,,,,165.67741935483872,,,,,,,,,,
2023-08,33061050530000,39204,MUREX PETROLEUM CORPORATION,PB-Stephen Luke 36-25H MB,SWSE,36.0,155.0,91.0,MTL,STANLEY,CONFIDENTIAL,,,,15423,,6489,,48.1982677884622,-102.319478415075,Mountrail,2023,8,31,,,,209.32258064516128,,,,,,,,,,
2023-08,33061050540000,39205,MUREX PETROLEUM CORPORATION,PB-Winston Axel 36-25H MB,SWSE,36.0,155.0,91.0,MTL,STANLEY,CONFIDENTIAL,,,,19470,,9166,,48.1982680890164,-102.319355297442,Mountrail,2023,8,31,,,,295.6774193548387,,,,,,,,,,
2023-08,33053091200000,36630,EXXONMOBIL,ARNOLD 21X-17BXC,NENW,17.0,151.0,99.0,MCK,TOBACCO GARDEN,BAKKEN,0.0,3060.0,2.0,0,0.0,0,0.0,47.9048946961521,-103.382537267148,McKenzie,2023,8,31,0.0,0.0,98.70967741935483,0.0,0.0,0.0,0.0,0.0,,,,,,
2023-08,33105058320000,39157,CONTINENTAL RESOURCES INC,Kiefel 4-36H,SESW,36.0,155.0,97.0,WIL,WEST CAPA,BAKKEN,0.0,0.0,0.0,0,0.0,0,0.0,48.1993476593542,-103.099371973777,Williams,2023,8,31,0.0,0.0,0.0,0.0,0.0,0.0,0.0,0.0,,,,,,
